"kmer","frequency"
"TTTTTT",25941
"GGGGGG",17721
"TGTGTG",14244
"GTGTGT",13108
"GAGGAG",11729
"GGTGAG",11677
"GAGAGA",11282
"TTTTCT",10817
"AGAGAG",10612
"TTTCTT",10562
"AGGAGG",10466
"GGAGGA",10156
"TTCTTT",9777
"CAGGTG",9633
"AGAAGA",9383
"AGGTGA",9296
"TGTTTT",9292
"ACAGAG",9053
"CCCCCC",9035
"TTTTTC",8837
"TTGTTT",8836
"TCTTTT",8784
"GGTAAG",8639
"AGGTAA",8563
"TTTGTT",8472
"CAGAGG",8313
"AGGGAA",8207
"CTCTCT",8124
"TCTCTC",8077
"GAAGAA",7978
"GCAGGT",7887
"CAGAGA",7821
"GTGAGT",7749
"TTTCTC",7645
"GAGGGA",7634
"AAGAAA",7593
"CTTTTT",7524
"TTCTCT",7474
"AAAAAA",7438
"GAGAAG",7435
"AAGAAG",7400
"GGAAAG",7382
"GACAGA",7349
"CAGGTA",7330
"GAGGTG",7317
"AGGCAG",7280
"GGGAGG",7253
"TGCAGG",7225
"TTTTGT",7115
"AGGTGG",7075
